Posicion,Codon
29,ATG
189,ATG
336,ATG
373,ATG
415,ATG
483,ATG
511,ATG
532,ATG
643,ATG
652,ATG
720,ATG
735,ATG
885,ATG
894,ATG
916,ATG
1060,ATG
1080,ATG
1098,ATG
1234,ATG
1278,ATG
1284,ATG
1308,ATG
1317,ATG
1326,ATG
1350,ATG
1455,ATG
1546,ATG
1551,ATG
1672,ATG
1675,ATG
1707,ATG
1870,ATG
1876,ATG
2026,ATG
2091,ATG
2116,ATG
2149,ATG
2206,ATG
2215,ATG
2223,ATG
2286,ATG
2322,ATG
2350,ATG
2364,ATG
2368,ATG
2476,ATG
2490,ATG
2548,ATG
2569,ATG
2584,ATG
2590,ATG
2623,ATG
2629,ATG
2653,ATG
2719,ATG
2731,ATG
2780,ATG
2800,ATG
2813,ATG
2836,ATG
2852,ATG
2882,ATG
2900,ATG
3049,ATG
3067,ATG
3121,ATG
3127,ATG
3131,ATG
3155,ATG
3178,ATG
3250,ATG
3259,ATG
3305,ATG
3475,ATG
3482,ATG
3733,ATG
3863,ATG
3868,ATG
3926,ATG
3995,ATG
4007,ATG
4072,ATG
4081,ATG
4160,ATG
4181,ATG
4292,ATG
4325,ATG
4328,ATG
4633,ATG
4715,ATG
4727,ATG
4730,ATG
4750,ATG
4841,ATG
5002,ATG
5005,ATG
5058,ATG
5076,ATG
5087,ATG
5097,ATG
